tier,pincode,area,centre,mom_users_matched,mom_users_estimated,active_meditators,app_per_active_meditator,pin_charge_candidates_3plus,any_referrers,volunteer_target,pin_charge_name,pin_charge_phone,status,notes
1,560076,Bilekahalli / Bannerghatta Rd,Bannerghatta Road,2711,12305,1456,8.5,35,144,369,,,not started,
1,560068,Bommanahalli / Singasandra,Electronic City,2319,10526,1272,8.3,32,132,316,,,not started,
1,560078,JP Nagar,Bannerghatta Road,2311,10490,1221,8.6,43,124,315,,,not started,
1,560037,Marathahalli,Marathahalli,2174,9868,1368,7.2,36,106,296,,,not started,
1,560064,Yelahanka,Hebbal,2114,9595,1322,7.3,38,115,288,,,not started,
1,560100,Electronic City,Electronic City,2063,9364,1308,7.2,46,138,281,,,not started,
1,560043,Kalyan Nagar / HBR Layout,Banaswadi,1952,8860,1115,7.9,36,112,266,,,not started,
1,560066,Whitefield,Whitefield,1719,7803,1150,6.8,23,83,234,,,not started,
1,560061,Uttarahalli / Subramanyapura,Kanakapura Road,1450,6582,790,8.3,33,87,197,,,not started,
1,560102,HSR Layout,Koramangala,1342,6091,950,6.4,22,75,183,,,not started,
1,560085,Banashankari III / Girinagar,Girinagar,1334,6055,674,9.0,24,71,182,,,not started,
1,560097,Vidyaranyapura,Hebbal,1320,5991,699,8.6,28,79,180,,,not started,
1,560016,Ramamurthy Nagar / Dooravani Nagar,Banaswadi,1270,5765,689,8.4,19,63,173,,,not started,
1,560067,Kadugodi,Marathahalli,1157,5252,734,7.2,18,57,158,,,not started,
1,560035,Sarjapur Road / Carmelaram,Koramangala,1142,5184,808,6.4,26,68,156,,,not started,
1,560098,Rajarajeshwari Nagar,Vijayanagar,1079,4898,569,8.6,15,64,147,,,not started,
1,560062,Konanakunte / Puttenahalli,Kanakapura Road,1053,4780,666,7.2,28,69,143,,,not started,
1,560103,Bellandur,Koramangala,1039,4716,719,6.6,16,56,141,,,not started,
1,560049,Virgonagar / Old Madras Rd,Budigere Cross,1026,4657,695,6.7,24,66,140,,,not started,
1,560040,Vijayanagar,Vijayanagar,1019,4625,518,8.9,9,47,139,,,not started,
2,560048,Mahadevapura / Hoodi,Marathahalli,1018,4621,702,6.6,24,58,139,,,not started,
2,560036,KR Puram,Budigere Cross,978,4439,542,8.2,15,52,133,,,not started,
2,560072,Nagarbhavi,Vijayanagar,975,4426,440,10.1,14,49,133,,,not started,
2,560079,Basaveshwaranagar,Vijayanagar,939,4262,420,10.1,14,40,128,,,not started,
2,560091,Sunkadakatte / Herohalli,Vijayanagar,926,4203,416,10.1,13,30,126,,,not started,
2,560077,Kothanur / Thanisandra,Hebbal,910,4130,580,7.1,18,52,124,,,not started,
2,560010,Rajajinagar,Malleswaram,886,4022,379,10.6,10,39,121,,,not started,
2,560087,Varthur / Gunjur,Marathahalli,822,3731,571,6.5,16,41,112,,,not started,
2,560092,Sahakara Nagar / Byatarayanapura,Hebbal,806,3658,470,7.8,17,51,110,,,not started,
2,560032,RT Nagar,Hebbal,792,3595,342,10.5,15,47,108,,,not started,
2,560060,Kengeri,Vijayanagar,770,3495,440,7.9,19,49,105,,,not started,
2,560094,Sanjaynagar / RMV II,Hebbal,769,3490,436,8.0,11,42,105,,,not started,
2,560070,Padmanabhanagar / BSK II,Girinagar,752,3413,361,9.5,12,40,102,,,not started,
2,560073,Chikkabanavara / Bagalgunte,Malleswaram,676,3068,334,9.2,5,26,92,,,not started,
2,560075,New Thippasandra,Indiranagar,673,3055,362,8.4,10,37,92,,,not started,
2,560056,Jnana Bharathi / Ullal Upanagara,Vijayanagar,666,3023,259,11.7,11,33,91,,,not started,
2,560024,Hebbal / Anandnagar,Hebbal,633,2873,349,8.2,11,37,86,,,not started,
2,560099,Bommasandra / Hebbagodi,Electronic City,626,2841,404,7.0,16,44,85,,,not started,
2,560093,CV Raman Nagar,Indiranagar,576,2614,353,7.4,9,36,78,,,not started,
2,560003,Malleswaram,Malleswaram,553,2510,305,8.2,9,26,75,,,not started,
2,560008,Halasuru (Ulsoor),Indiranagar,536,2433,274,8.9,6,19,73,,,not started,
2,560054,Mathikere / MSR Nagar,Malleswaram,519,2356,248,9.5,9,26,71,,,not started,
2,560083,Bannerghatta,Bannerghatta Road,513,2329,296,7.9,8,22,70,,,not started,
2,562125,Sarjapura Hobli,Koramangala,497,2256,330,6.8,8,29,68,,,not started,
2,560050,Banashankari / Srinagar,Girinagar,485,2201,204,10.8,4,21,66,,,not started,
2,560086,Mahalakshmipuram,Malleswaram,487,2210,223,9.9,5,17,66,,,not started,
2,560004,Basavanagudi,Jayanagar,465,2111,269,7.8,8,22,63,,,not started,
2,560021,Srirampuram,Malleswaram,455,2065,166,12.4,3,12,62,,,not started,
3,560034,Koramangala,Koramangala,454,2061,271,7.6,5,16,62,,,not started,
3,560017,Vimanapura / HAL,Indiranagar,446,2024,249,8.1,3,15,61,,,not started,
3,560029,BTM / Dairy Circle,Koramangala,420,1906,208,9.2,4,14,57,,,not started,
3,560038,Indiranagar,Indiranagar,409,1856,199,9.3,5,15,56,,,not started,
3,560022,Yeshwanthpur,Malleswaram,404,1834,171,10.7,3,18,55,,,not started,
3,560047,Viveknagar / Austin Town,Banaswadi,395,1793,151,11.9,5,15,54,,,not started,
3,560057,Peenya Dasarahalli,Vijayanagar,369,1675,132,12.7,5,18,50,,,not started,
3,560058,Peenya Industrial Area,Malleswaram,366,1661,129,12.9,7,21,50,,,not started,
3,560011,Jayanagar East,Jayanagar,353,1602,176,9.1,5,16,48,,,not started,
3,560001,MG Road / Shivajinagar,Indiranagar,326,1480,171,8.7,7,19,44,,,not started,
3,560090,Bangalore Rural (560090),Bangalore Rural,323,1466,147,10.0,4,13,44,,,not started,
3,560045,Ganganagar / Sultanpalya,Hebbal,315,1430,168,8.5,5,14,43,,,not started,
3,560096,Nandini Layout,Malleswaram,314,1425,151,9.4,9,21,43,,,not started,
3,560013,Jalahalli,Malleswaram,307,1393,153,9.1,4,15,42,,,not started,
3,561203,Dod Ballapur,Bangalore Rural,307,1393,152,9.2,4,18,42,,,not started,
3,562106,Attibele,Electronic City,292,1325,147,9.0,6,21,40,,,not started,
3,560027,Shanthinagar / Wilson Garden,Jayanagar,287,1303,111,11.7,2,9,39,,,not started,
3,560041,Jayanagar,Jayanagar,286,1298,203,6.4,6,17,39,,,not started,
3,562123,Nelamangala,Bangalore Rural,287,1303,139,9.4,5,15,39,,,not started,
3,560023,Magadi Road / Binnipet,Vijayanagar,276,1253,147,8.5,3,12,38,,,not started,
3,560019,Gavipuram / Kempegowda Nagar,Jayanagar,262,1189,110,10.8,3,9,36,,,not started,
3,560026,Deepanjali Nagar / Mysore Road,Vijayanagar,267,1212,105,11.5,6,15,36,,,not started,
3,560105,Anekal,Bannerghatta Road,245,1112,128,8.7,5,13,33,,,not started,
3,560033,Maruthi Seva Nagar / Kacharakanahalli,Banaswadi,238,1080,74,14.6,3,9,32,,,not started,
3,562107,Sarjapura,Electronic City,233,1058,117,9.0,4,9,32,,,not started,
3,560084,Kammanahalli / St Thomas Town,Banaswadi,230,1044,103,10.1,4,9,31,,,not started,
3,560059,Rajarajeshwari Nagar / RV Niketan,Vijayanagar,220,999,113,8.8,3,14,30,,,not started,
3,560109,Thalaghattapura / Vajarahalli,Kanakapura Road,221,1003,192,5.2,8,22,30,,,not started,
3,560030,Adugodi,Koramangala,213,967,101,9.6,6,16,29,,,not started,
3,560055,Malleswaram West,Malleswaram,205,930,98,9.5,5,11,28,,,not started,
3,560018,Chamrajpet,Jayanagar,201,912,81,11.3,1,10,27,,,not started,
3,560065,GKVK / Hebbal North,Hebbal,197,894,108,8.3,2,13,27,,,not started,
3,560082,Kaggalipura / Kanakapura Rd,Kanakapura Road,199,903,124,7.3,2,12,27,,,not started,
3,560005,Fraser Town,Banaswadi,193,876,100,8.8,1,5,26,,,not started,
3,560095,Ejipura / Koramangala VI,Koramangala,193,876,100,8.8,4,7,26,,,not started,
3,560071,Domlur,Indiranagar,186,844,107,7.9,2,8,25,,,not started,
3,560015,Jalahalli East,Malleswaram,175,794,83,9.6,1,11,24,,,not started,
3,560104,Mallathahalli / Annapurneshwari Ngr,Vijayanagar,164,744,91,8.2,5,11,22,,,not started,
3,560020,Seshadripuram,Malleswaram,153,694,67,10.4,2,7,21,,,not started,
3,560002,City Market,Jayanagar,139,631,44,14.3,2,5,19,,,not started,
3,562157,Hesaraghatta,Bangalore Rural,142,645,80,8.1,3,6,19,,,not started,
3,560039,Nayandahalli,Vijayanagar,131,595,70,8.5,2,6,18,,,not started,
3,560053,Chickpet / Balepet,Jayanagar,135,613,30,20.4,1,5,18,,,not started,
3,560042,Sivanchetti Gardens,Indiranagar,125,567,80,7.1,1,4,17,,,not started,
3,560028,Jayanagar (560028),Jayanagar,110,499,59,8.5,0,4,15,,,not started,NO CANDIDATES - source from centre
3,560108,Jigani,Bannerghatta Road,113,513,66,7.8,7,11,15,,,not started,
3,560074,Kumbalgodu,Vijayanagar,106,481,54,8.9,1,3,14,,,not started,
3,560046,Benson Town,Banaswadi,99,449,42,10.7,2,4,13,,,not started,
3,560063,Yelahanka AFS / Jakkur,Hebbal,98,445,72,6.2,4,8,13,,,not started,
3,562149,Hennagara / Anekal,Bangalore Rural,95,431,95,4.5,4,8,13,,,not started,
3,560025,Richmond Town,Banaswadi,89,404,42,9.6,0,3,12,,,not started,NO CANDIDATES - source from centre
3,560069,Jayanagar South (560069),Jayanagar,89,404,48,8.4,3,8,12,,,not started,
3,562130,Kanakapura,Bangalore Rural,78,354,41,8.6,3,7,11,,,not started,
3,560080,Sadashivanagar,Malleswaram,69,313,30,10.4,0,0,9,,,not started,NO CANDIDATES - source from centre
3,560012,IISc / Sadashivanagar,Malleswaram,60,272,33,8.2,1,2,8,,,not started,
3,562162,Bangalore Rural (562162),Bangalore Rural,61,277,28,9.9,0,4,8,,,not started,NO CANDIDATES - source from centre
3,560006,JC Nagar,Hebbal,53,241,32,7.5,0,0,7,,,not started,NO CANDIDATES - source from centre
3,560009,Gandhinagar / KG Road,Malleswaram,51,231,21,11.0,3,3,7,,,not started,
3,562135,Bangalore Rural (562135),Bangalore Rural,53,241,26,9.3,0,7,7,,,not started,NO CANDIDATES - source from centre
3,560052,Vasanth Nagar / High Grounds,Malleswaram,41,186,27,6.9,0,3,6,,,not started,NO CANDIDATES - source from centre
3,560089,Bangalore Rural (560089),Bangalore Rural,42,191,16,11.9,0,2,6,,,not started,NO CANDIDATES - source from centre
3,560110,Ullalu / Kommaghatta,Vijayanagar,41,186,22,8.5,1,2,6,,,not started,
3,560114,Electronic City (560114),Electronic City,45,204,41,5.0,0,1,6,,,not started,NO CANDIDATES - source from centre
3,560007,Agram / Ulsoor South,Indiranagar,35,159,12,13.2,0,0,5,,,not started,NO CANDIDATES - source from centre
3,560014,Jalahalli West,Malleswaram,40,182,10,18.2,1,3,5,,,not started,
3,560081,Bommasandra Industrial Area,Electronic City,39,177,29,6.1,2,3,5,,,not started,
3,560051,Shivajinagar / Commercial St,Banaswadi,32,145,12,12.1,1,4,4,,,not started,
3,560111,Bannerghatta (560111),Bannerghatta Road,30,136,24,5.7,0,0,4,,,not started,NO CANDIDATES - source from centre
3,562129,Jigani / Anekal,Bangalore Rural,27,123,8,15.4,0,2,4,,,not started,NO CANDIDATES - source from centre
3,560088,Bangalore Rural (560088),Bangalore Rural,19,86,12,7.2,0,1,3,,,not started,NO CANDIDATES - source from centre
3,560107,Bangalore Rural (560107),Bangalore Rural,22,100,7,14.3,0,2,3,,,not started,NO CANDIDATES - source from centre
3,562111,Ramanagara,Bangalore Rural,23,104,6,17.3,1,1,3,,,not started,
3,562122,Kolar,Bangalore Rural,21,95,3,31.7,0,1,3,,,not started,NO CANDIDATES - source from centre
3,560113,Hebbal (560113),Hebbal,11,50,12,4.2,0,0,2,,,not started,NO CANDIDATES - source from centre
3,560115,Budigere Cross (560115),Budigere Cross,12,54,12,4.5,0,0,2,,,not started,NO CANDIDATES - source from centre
3,561204,Bangalore Rural (561204),Bangalore Rural,18,82,4,20.5,1,1,2,,,not started,
3,562163,Doddaballapura Apparel Park,Bangalore Rural,18,82,15,5.5,1,2,2,,,not started,
3,560106,Hebbal (560106),Hebbal,5,23,1,23.0,0,0,1,,,not started,NO CANDIDATES - source from centre
3,560112,Bangalore Rural (560112),Bangalore Rural,5,23,2,11.5,0,0,1,,,not started,NO CANDIDATES - source from centre
3,561205,Chikkaballapura (561205),Bangalore Rural,6,27,6,4.5,0,0,1,,,not started,NO CANDIDATES - source from centre
3,562132,Bangalore Rural (562132),Bangalore Rural,9,41,2,20.5,0,0,1,,,not started,NO CANDIDATES - source from centre
3,560031,Benson Town North (560031),Malleswaram,3,14,2,7.0,0,0,,,,not started,NO CANDIDATES - source from centre
3,560116,Bangalore Rural (560116),Bangalore Rural,2,9,1,9.0,0,0,,,,not started,NO CANDIDATES - source from centre
3,560117,Whitefield (560117),Whitefield,3,14,4,3.5,0,0,,,,not started,NO CANDIDATES - source from centre
3,560300,Kempegowda Intl Airport,Hebbal,2,9,0,,0,0,,,,not started,NO CANDIDATES - source from centre
3,562164,Bangalore Rural (562164),Bangalore Rural,2,9,3,3.0,0,0,,,,not started,NO CANDIDATES - source from centre
FLAG,562114,Hoskote,Budigere Cross,7073,,117,0.0,8,104,,,,not started,BULK-LOAD ANOMALY - verify before use
